{
  "train": {
    "images": 1100,
    "TP": 1200,
    "FP": 2228,
    "FN": 2932,
    "precision": 0.35005834305707406,
    "recall": 0.2904162633106751,
    "f1": 0.31746031696456933,
    "avg_time_s": 0.02912453521381725,
    "avg_mae_px_on_matched": 13.735191830053864
  },
  "valid": {
    "images": 206,
    "TP": 227,
    "FP": 417,
    "FN": 555,
    "precision": 0.35248447204914213,
    "recall": 0.29028132992290245,
    "f1": 0.3183730710329879,
    "avg_time_s": 0.02987455395818914,
    "avg_mae_px_on_matched": 13.302138937519363
  },
  "test": {
    "images": 64,
    "TP": 82,
    "FP": 138,
    "FN": 164,
    "precision": 0.37272727272557854,
    "recall": 0.33333333333197834,
    "f1": 0.35193132997214904,
    "avg_time_s": 0.03062121570110321,
    "avg_mae_px_on_matched": 12.245401058459615
  },
  "overall": {
    "images": 1370,
    "TP": 1509,
    "FP": 2783,
    "FN": 3651,
    "precision": 0.3515843429635714,
    "recall": 0.2924418604650596,
    "f1": 0.3192975026780805,
    "avg_time_s": 0.029307229675515724,
    "avg_mae_px_on_matched": 13.592615427809289,
    "candidate": "largest",
    "out_dir": "debug\\geom_board_eval\\largest"
  }
}