{
  "arch": "effnetv2_b0",
  "seed": 43,
  "epochs": 5,
  "metrics@0.5": {
    "accuracy": 0.9879656160458453,
    "f1": 0.9879931389365352,
    "confusion_matrix": [
      [
        860,
        8
      ],
      [
        13,
        864
      ]
    ],
    "classification_report": {
      "black": {
        "precision": 0.9851088201603666,
        "recall": 0.9907834101382489,
        "f1-score": 0.9879379666858128,
        "support": 868.0
      },
      "white": {
        "precision": 0.9908256880733946,
        "recall": 0.9851767388825542,
        "f1-score": 0.9879931389365352,
        "support": 877.0
      },
      "accuracy": 0.9879656160458453,
      "macro avg": {
        "precision": 0.9879672541168806,
        "recall": 0.9879800745104015,
        "f1-score": 0.9879655528111739,
        "support": 1745.0
      },
      "weighted avg": {
        "precision": 0.9879819967561979,
        "recall": 0.9879656160458453,
        "f1-score": 0.9879656950891844,
        "support": 1745.0
      }
    }
  },
  "metrics@best_f1": {
    "threshold": 0.15,
    "accuracy": 0.9891117478510029,
    "f1": 0.9892106757524134,
    "confusion_matrix": [
      [
        855,
        13
      ],
      [
        6,
        871
      ]
    ],
    "classification_report": {
      "black": {
        "precision": 0.9930313588850174,
        "recall": 0.9850230414746544,
        "f1-score": 0.989010989010989,
        "support": 868.0
      },
      "white": {
        "precision": 0.9852941176470589,
        "recall": 0.9931584948688712,
        "f1-score": 0.9892106757524134,
        "support": 877.0
      },
      "accuracy": 0.9891117478510029,
      "macro avg": {
        "precision": 0.9891627382660382,
        "recall": 0.9890907681717628,
        "f1-score": 0.9891108323817013,
        "support": 1745.0
      },
      "weighted avg": {
        "precision": 0.9891427854949374,
        "recall": 0.9891117478510029,
        "f1-score": 0.9891113473331833,
        "support": 1745.0
      }
    }
  },
  "latency_batch1_ms": {
    "mean_ms": 115.24538495802972,
    "median_ms": 114.53040002379566,
    "p90_ms": 145.4335000307765,
    "p99_ms": 170.53941299323924,
    "n": 512
  },
  "paths": {
    "model_h5": "C:\\Users\\burza\\ChessVision\\models\\piece_color\\effnetv2_b0\\model.h5"
  }
}