{
  "feat_set": "COLOR-9",
  "classifier": "SVM",
  "params": {
    "C": 1.0,
    "kernel": "rbf",
    "gamma": "scale",
    "class_weight": "balanced"
  },
  "seed": 43,
  "n_test": 3463,
  "accuracy": 0.9956684955241121,
  "f1": 0.995653433787308,
  "precision": 0.9970980847359258,
  "recall": 0.9942129629629629,
  "latency_ms": {
    "mean": 0.15509890266775314,
    "median": 0.15440000061062165,
    "p95": 0.17020000068441732
  },
  "confusion_matrix": {
    "labels": [
      "black",
      "white"
    ],
    "counts": [
      [
        1730,
        5
      ],
      [
        10,
        1718
      ]
    ],
    "normalized": [
      [
        0.997118,
        0.002882
      ],
      [
        0.005787,
        0.994213
      ]
    ]
  },
  "per_class": {
    "black": {
      "precision": 0.9942528735632183,
      "recall": 0.9971181556195965,
      "f1": 0.99568345323741,
      "support": 1735
    },
    "white": {
      "precision": 0.9970980847359258,
      "recall": 0.9942129629629629,
      "f1": 0.995653433787308,
      "support": 1728
    }
  },
  "train_time_s": 0.15827580000041053
}