{
  "arch": "effnetv2_b1",
  "seed": 45,
  "epochs": 5,
  "metrics@0.5": {
    "accuracy": 0.9885386819484241,
    "f1": 0.9885844748858448,
    "confusion_matrix": [
      [
        859,
        9
      ],
      [
        11,
        866
      ]
    ],
    "classification_report": {
      "black": {
        "precision": 0.9873563218390805,
        "recall": 0.9896313364055299,
        "f1-score": 0.9884925201380897,
        "support": 868.0
      },
      "white": {
        "precision": 0.9897142857142858,
        "recall": 0.9874572405929305,
        "f1-score": 0.9885844748858448,
        "support": 877.0
      },
      "accuracy": 0.9885386819484241,
      "macro avg": {
        "precision": 0.9885353037766831,
        "recall": 0.9885442884992302,
        "f1-score": 0.9885384975119673,
        "support": 1745.0
      },
      "weighted avg": {
        "precision": 0.988541384485817,
        "recall": 0.9885386819484241,
        "f1-score": 0.9885387346445547,
        "support": 1745.0
      }
    }
  },
  "metrics@best_f1": {
    "threshold": 0.75,
    "accuracy": 0.9896848137535816,
    "f1": 0.9896670493685419,
    "confusion_matrix": [
      [
        865,
        3
      ],
      [
        15,
        862
      ]
    ],
    "classification_report": {
      "black": {
        "precision": 0.9829545454545454,
        "recall": 0.9965437788018433,
        "f1-score": 0.9897025171624714,
        "support": 868.0
      },
      "white": {
        "precision": 0.9965317919075144,
        "recall": 0.9828962371721779,
        "f1-score": 0.9896670493685419,
        "support": 877.0
      },
      "accuracy": 0.9896848137535816,
      "macro avg": {
        "precision": 0.9897431686810299,
        "recall": 0.9897200079870105,
        "f1-score": 0.9896847832655067,
        "support": 1745.0
      },
      "weighted avg": {
        "precision": 0.9897781816374989,
        "recall": 0.9896848137535816,
        "f1-score": 0.9896846918012816,
        "support": 1745.0
      }
    }
  },
  "latency_batch1_ms": {
    "mean_ms": 95.65539726747829,
    "median_ms": 91.95475000888109,
    "p90_ms": 111.00466999923813,
    "p99_ms": 143.58730502077378,
    "n": 512
  },
  "paths": {
    "model_h5": "C:\\Users\\burza\\ChessVision\\models\\piece_color\\effnetv2_b1\\model.h5"
  }
}