{
  "arch": "effnetv2_b0",
  "seed": 46,
  "epochs": 5,
  "metrics@0.5": {
    "accuracy": 0.9851002865329513,
    "f1": 0.9852104664391353,
    "confusion_matrix": [
      [
        853,
        15
      ],
      [
        11,
        866
      ]
    ],
    "classification_report": {
      "black": {
        "precision": 0.9872685185185185,
        "recall": 0.9827188940092166,
        "f1-score": 0.9849884526558892,
        "support": 868.0
      },
      "white": {
        "precision": 0.9829738933030647,
        "recall": 0.9874572405929305,
        "f1-score": 0.9852104664391353,
        "support": 877.0
      },
      "accuracy": 0.9851002865329513,
      "macro avg": {
        "precision": 0.9851212059107917,
        "recall": 0.9850880673010736,
        "f1-score": 0.9850994595475122,
        "support": 1745.0
      },
      "weighted avg": {
        "precision": 0.9851101309460526,
        "recall": 0.9851002865329513,
        "f1-score": 0.985100032075893,
        "support": 1745.0
      }
    }
  },
  "metrics@best_f1": {
    "threshold": 0.44999999999999996,
    "accuracy": 0.9856733524355301,
    "f1": 0.9858035207268597,
    "confusion_matrix": [
      [
        852,
        16
      ],
      [
        9,
        868
      ]
    ],
    "classification_report": {
      "black": {
        "precision": 0.9895470383275261,
        "recall": 0.9815668202764977,
        "f1-score": 0.9855407750144592,
        "support": 868.0
      },
      "white": {
        "precision": 0.9819004524886877,
        "recall": 0.9897377423033067,
        "f1-score": 0.9858035207268597,
        "support": 877.0
      },
      "accuracy": 0.9856733524355301,
      "macro avg": {
        "precision": 0.9857237454081069,
        "recall": 0.9856522812899022,
        "f1-score": 0.9856721478706595,
        "support": 1745.0
      },
      "weighted avg": {
        "precision": 0.9857040264188377,
        "recall": 0.9856733524355301,
        "f1-score": 0.9856728254383992,
        "support": 1745.0
      }
    }
  },
  "latency_batch1_ms": {
    "mean_ms": 77.67428476358873,
    "median_ms": 75.23159997072071,
    "p90_ms": 87.29901002370752,
    "p99_ms": 113.59872499713671,
    "n": 512
  },
  "paths": {
    "model_h5": "C:\\Users\\burza\\ChessVision\\models\\piece_color\\effnetv2_b0\\model.h5"
  }
}