{
  "arch": "effnetv2_b0",
  "seed": 42,
  "epochs": 5,
  "metrics@0.5": {
    "accuracy": 0.9885386819484241,
    "f1": 0.9885452462772051,
    "confusion_matrix": [
      [
        862,
        6
      ],
      [
        14,
        863
      ]
    ],
    "classification_report": {
      "black": {
        "precision": 0.9840182648401826,
        "recall": 0.9930875576036866,
        "f1-score": 0.9885321100917431,
        "support": 868.0
      },
      "white": {
        "precision": 0.9930955120828538,
        "recall": 0.984036488027366,
        "f1-score": 0.9885452462772051,
        "support": 877.0
      },
      "accuracy": 0.9885386819484241,
      "macro avg": {
        "precision": 0.9885568884615182,
        "recall": 0.9885620228155263,
        "f1-score": 0.988538678184474,
        "support": 1745.0
      },
      "weighted avg": {
        "precision": 0.9885802968354964,
        "recall": 0.9885386819484241,
        "f1-score": 0.9885387120600241,
        "support": 1745.0
      }
    }
  },
  "metrics@best_f1": {
    "threshold": 0.35,
    "accuracy": 0.9902578796561604,
    "f1": 0.9903023388476897,
    "confusion_matrix": [
      [
        860,
        8
      ],
      [
        9,
        868
      ]
    ],
    "classification_report": {
      "black": {
        "precision": 0.9896432681242808,
        "recall": 0.9907834101382489,
        "f1-score": 0.9902130109383995,
        "support": 868.0
      },
      "white": {
        "precision": 0.9908675799086758,
        "recall": 0.9897377423033067,
        "f1-score": 0.9903023388476897,
        "support": 877.0
      },
      "accuracy": 0.9902578796561604,
      "macro avg": {
        "precision": 0.9902554240164783,
        "recall": 0.9902605762207778,
        "f1-score": 0.9902576748930446,
        "support": 1745.0
      },
      "weighted avg": {
        "precision": 0.9902585812674982,
        "recall": 0.9902578796561604,
        "f1-score": 0.99025790525155,
        "support": 1745.0
      }
    }
  },
  "latency_batch1_ms": {
    "mean_ms": 81.31221620908491,
    "median_ms": 78.45709999674,
    "p90_ms": 94.22863001236692,
    "p99_ms": 121.60087302501778,
    "n": 512
  },
  "paths": {
    "model_h5": "C:\\Users\\burza\\ChessVision\\models\\piece_color\\effnetv2_b0\\model.h5"
  }
}