{
  "arch": "effnet_b0",
  "seed": 44,
  "epochs": 5,
  "metrics@0.5": {
    "accuracy": 0.9891117478510029,
    "f1": 0.9891861126920888,
    "confusion_matrix": [
      [
        857,
        11
      ],
      [
        8,
        869
      ]
    ],
    "classification_report": {
      "black": {
        "precision": 0.9907514450867052,
        "recall": 0.9873271889400922,
        "f1-score": 0.9890363531448355,
        "support": 868.0
      },
      "white": {
        "precision": 0.9875,
        "recall": 0.9908779931584949,
        "f1-score": 0.9891861126920888,
        "support": 877.0
      },
      "accuracy": 0.9891117478510029,
      "macro avg": {
        "precision": 0.9891257225433526,
        "recall": 0.9891025910492935,
        "f1-score": 0.9891112329184621,
        "support": 1745.0
      },
      "weighted avg": {
        "precision": 0.9891173377279427,
        "recall": 0.9891117478510029,
        "f1-score": 0.9891116191178676,
        "support": 1745.0
      }
    }
  },
  "metrics@best_f1": {
    "threshold": 0.3,
    "accuracy": 0.9902578796561604,
    "f1": 0.9903791737408036,
    "confusion_matrix": [
      [
        853,
        15
      ],
      [
        2,
        875
      ]
    ],
    "classification_report": {
      "black": {
        "precision": 0.9976608187134502,
        "recall": 0.9827188940092166,
        "f1-score": 0.9901334881021474,
        "support": 868.0
      },
      "white": {
        "precision": 0.9831460674157303,
        "recall": 0.9977194982896237,
        "f1-score": 0.9903791737408036,
        "support": 877.0
      },
      "accuracy": 0.9902578796561604,
      "macro avg": {
        "precision": 0.9904034430645903,
        "recall": 0.9902191961494202,
        "f1-score": 0.9902563309214756,
        "support": 1745.0
      },
      "weighted avg": {
        "precision": 0.9903660124738511,
        "recall": 0.9902578796561604,
        "f1-score": 0.9902569644947558,
        "support": 1745.0
      }
    }
  },
  "latency_batch1_ms": {
    "mean_ms": 153.5255539085938,
    "median_ms": 150.47284998581745,
    "p90_ms": 171.98280997108668,
    "p99_ms": 193.10338301584122,
    "n": 512
  },
  "paths": {
    "model_h5": "C:\\Users\\burza\\ChessVision\\models\\piece_color\\effnet_b0\\model.h5"
  }
}