{
  "feat_set": "BASIC-5",
  "classifier": "SVM",
  "params": {
    "C": 1.0,
    "kernel": "rbf",
    "gamma": "scale",
    "class_weight": "balanced"
  },
  "seed": 43,
  "n_test": 3463,
  "accuracy": 0.9907594571181056,
  "f1": 0.9907138711549622,
  "precision": 0.9935972060535506,
  "recall": 0.9878472222222222,
  "latency_ms": {
    "mean": 0.15575313312640668,
    "median": 0.15379999967990443,
    "p95": 0.16990000040095765
  },
  "confusion_matrix": {
    "labels": [
      "black",
      "white"
    ],
    "counts": [
      [
        1724,
        11
      ],
      [
        21,
        1707
      ]
    ],
    "normalized": [
      [
        0.99366,
        0.00634
      ],
      [
        0.012153,
        0.987847
      ]
    ]
  },
  "per_class": {
    "black": {
      "precision": 0.9879656160458453,
      "recall": 0.9936599423631124,
      "f1": 0.9908045977011494,
      "support": 1735
    },
    "white": {
      "precision": 0.9935972060535506,
      "recall": 0.9878472222222222,
      "f1": 0.9907138711549622,
      "support": 1728
    }
  },
  "train_time_s": 0.2337812000005215
}