{
  "arch": "effnet_b0",
  "seed": 43,
  "epochs": 5,
  "metrics@0.5": {
    "accuracy": 0.9982808022922636,
    "f1": 0.9982886480319453,
    "confusion_matrix": [
      [
        867,
        1
      ],
      [
        2,
        875
      ]
    ],
    "classification_report": {
      "black": {
        "precision": 0.997698504027618,
        "recall": 0.9988479262672811,
        "f1-score": 0.998272884283247,
        "support": 868.0
      },
      "white": {
        "precision": 0.9988584474885844,
        "recall": 0.9977194982896237,
        "f1-score": 0.9982886480319453,
        "support": 877.0
      },
      "accuracy": 0.9982808022922636,
      "macro avg": {
        "precision": 0.9982784757581011,
        "recall": 0.9982837122784525,
        "f1-score": 0.9982807661575961,
        "support": 1745.0
      },
      "weighted avg": {
        "precision": 0.99828146701631,
        "recall": 0.9982808022922636,
        "f1-score": 0.998280806809097,
        "support": 1745.0
      }
    }
  },
  "metrics@best_f1": {
    "threshold": 0.5,
    "accuracy": 0.9982808022922636,
    "f1": 0.9982886480319453,
    "confusion_matrix": [
      [
        867,
        1
      ],
      [
        2,
        875
      ]
    ],
    "classification_report": {
      "black": {
        "precision": 0.997698504027618,
        "recall": 0.9988479262672811,
        "f1-score": 0.998272884283247,
        "support": 868.0
      },
      "white": {
        "precision": 0.9988584474885844,
        "recall": 0.9977194982896237,
        "f1-score": 0.9982886480319453,
        "support": 877.0
      },
      "accuracy": 0.9982808022922636,
      "macro avg": {
        "precision": 0.9982784757581011,
        "recall": 0.9982837122784525,
        "f1-score": 0.9982807661575961,
        "support": 1745.0
      },
      "weighted avg": {
        "precision": 0.99828146701631,
        "recall": 0.9982808022922636,
        "f1-score": 0.998280806809097,
        "support": 1745.0
      }
    }
  },
  "latency_batch1_ms": {
    "mean_ms": 100.8770326160402,
    "median_ms": 81.98459999402985,
    "p90_ms": 163.35625000065193,
    "p99_ms": 189.06287598714698,
    "n": 512
  },
  "paths": {
    "model_h5": "C:\\Users\\burza\\ChessVision\\models\\piece_color\\effnet_b0\\model.h5"
  }
}