{
  "feat_set": "COLOR-7",
  "classifier": "RF",
  "params": {
    "n_estimators": 200,
    "max_depth": null,
    "class_weight": "balanced"
  },
  "seed": 43,
  "n_test": 3463,
  "accuracy": 0.9948021946289345,
  "f1": 0.9947735191637631,
  "precision": 0.9982517482517482,
  "recall": 0.9913194444444444,
  "latency_ms": {
    "mean": 31.72075654056858,
    "median": 27.704899999662302,
    "p95": 45.87416999966076
  },
  "confusion_matrix": {
    "labels": [
      "black",
      "white"
    ],
    "counts": [
      [
        1732,
        3
      ],
      [
        15,
        1713
      ]
    ],
    "normalized": [
      [
        0.998271,
        0.001729
      ],
      [
        0.008681,
        0.991319
      ]
    ]
  },
  "per_class": {
    "black": {
      "precision": 0.9914138523182598,
      "recall": 0.9982708933717579,
      "f1": 0.9948305571510626,
      "support": 1735
    },
    "white": {
      "precision": 0.9982517482517482,
      "recall": 0.9913194444444444,
      "f1": 0.9947735191637631,
      "support": 1728
    }
  },
  "train_time_s": 0.784753300000375
}