{
  "train": {
    "images": 1100,
    "TP": 2706,
    "FP": 1386,
    "FN": 1426,
    "precision": 0.6612903225804836,
    "recall": 0.6548886737655724,
    "f1": 0.6580739294609413,
    "avg_time_s": 1.4672356696562334,
    "avg_mae_px_on_matched": 5.844496343027089
  },
  "valid": {
    "images": 206,
    "TP": 483,
    "FP": 301,
    "FN": 299,
    "precision": 0.6160714285706428,
    "recall": 0.6176470588227396,
    "f1": 0.6168582370471057,
    "avg_time_s": 1.2185882283645926,
    "avg_mae_px_on_matched": 5.213342165703323
  },
  "test": {
    "images": 64,
    "TP": 142,
    "FP": 70,
    "FN": 104,
    "precision": 0.6698113207515576,
    "recall": 0.5772357723553772,
    "f1": 0.6200873357445892,
    "avg_time_s": 1.3128361888229847,
    "avg_mae_px_on_matched": 5.500059318366588
  },
  "overall": {
    "images": 1370,
    "TP": 3331,
    "FP": 1757,
    "FN": 1829,
    "precision": 0.6546776729558461,
    "recall": 0.6455426356587896,
    "f1": 0.6500780635123881,
    "avg_time_s": 1.4226349837588568,
    "avg_mae_px_on_matched": 5.7407103788816
  }
}