{
  "train": {
    "images": 1100,
    "TP": 1837,
    "FP": 1591,
    "FN": 2295,
    "precision": 0.5358809801632043,
    "recall": 0.4445788964180918,
    "f1": 0.48597883548304327,
    "avg_time_s": 0.03425898768685081,
    "avg_mae_px_on_matched": 11.918860131582132
  },
  "valid": {
    "images": 206,
    "TP": 345,
    "FP": 299,
    "FN": 437,
    "precision": 0.5357142857134539,
    "recall": 0.4411764705876711,
    "f1": 0.4838709672459395,
    "avg_time_s": 0.04390930550769695,
    "avg_mae_px_on_matched": 11.456299132848532
  },
  "test": {
    "images": 64,
    "TP": 146,
    "FP": 74,
    "FN": 100,
    "precision": 0.6636363636333471,
    "recall": 0.5934959349569371,
    "f1": 0.6266094415589529,
    "avg_time_s": 0.03948936238884926,
    "avg_mae_px_on_matched": 10.801713720212101
  },
  "overall": {
    "images": 1370,
    "TP": 2328,
    "FP": 1964,
    "FN": 2832,
    "precision": 0.5424044734388298,
    "recall": 0.45116279069758697,
    "f1": 0.4925941594702571,
    "avg_time_s": 0.035954396045991106,
    "avg_mae_px_on_matched": 11.78360651381362,
    "candidate": "second",
    "out_dir": "debug\\geom_board_eval\\second"
  }
}