{
  "arch": "effnetv2_b1",
  "seed": 46,
  "epochs": 5,
  "metrics@0.5": {
    "accuracy": 0.9902578796561604,
    "f1": 0.9903463940942646,
    "confusion_matrix": [
      [
        856,
        12
      ],
      [
        5,
        872
      ]
    ],
    "classification_report": {
      "black": {
        "precision": 0.9941927990708479,
        "recall": 0.9861751152073732,
        "f1-score": 0.9901677270098322,
        "support": 868.0
      },
      "white": {
        "precision": 0.9864253393665159,
        "recall": 0.9942987457240593,
        "f1-score": 0.9903463940942646,
        "support": 877.0
      },
      "accuracy": 0.9902578796561604,
      "macro avg": {
        "precision": 0.9903090692186819,
        "recall": 0.9902369304657163,
        "f1-score": 0.9902570605520484,
        "support": 1745.0
      },
      "weighted avg": {
        "precision": 0.990289038520304,
        "recall": 0.9902578796561604,
        "f1-score": 0.9902575212981114,
        "support": 1745.0
      }
    }
  },
  "metrics@best_f1": {
    "threshold": 0.5499999999999999,
    "accuracy": 0.9908309455587393,
    "f1": 0.990909090909091,
    "confusion_matrix": [
      [
        857,
        11
      ],
      [
        5,
        872
      ]
    ],
    "classification_report": {
      "black": {
        "precision": 0.994199535962877,
        "recall": 0.9873271889400922,
        "f1-score": 0.9907514450867052,
        "support": 868.0
      },
      "white": {
        "precision": 0.9875424688561721,
        "recall": 0.9942987457240593,
        "f1-score": 0.990909090909091,
        "support": 877.0
      },
      "accuracy": 0.9908309455587393,
      "macro avg": {
        "precision": 0.9908710024095246,
        "recall": 0.9908129673320758,
        "f1-score": 0.9908302679978981,
        "support": 1745.0
      },
      "weighted avg": {
        "precision": 0.9908538351877595,
        "recall": 0.9908309455587393,
        "f1-score": 0.9908306745344029,
        "support": 1745.0
      }
    }
  },
  "latency_batch1_ms": {
    "mean_ms": 84.9814984370596,
    "median_ms": 81.73165001790039,
    "p90_ms": 98.22168999235147,
    "p99_ms": 127.81860701623363,
    "n": 512
  },
  "paths": {
    "model_h5": "C:\\Users\\burza\\ChessVision\\models\\piece_color\\effnetv2_b1\\model.h5"
  }
}