{
  "feat_set": "COLOR-7",
  "classifier": "SVM",
  "params": {
    "C": 1.0,
    "kernel": "rbf",
    "gamma": "scale",
    "class_weight": "balanced"
  },
  "seed": 43,
  "n_test": 3463,
  "accuracy": 0.9953797285590529,
  "f1": 0.9953596287703016,
  "precision": 0.9976744186046511,
  "recall": 0.9930555555555556,
  "latency_ms": {
    "mean": 0.13834403692390182,
    "median": 0.1346000008197734,
    "p95": 0.15368999902420907
  },
  "confusion_matrix": {
    "labels": [
      "black",
      "white"
    ],
    "counts": [
      [
        1731,
        4
      ],
      [
        12,
        1716
      ]
    ],
    "normalized": [
      [
        0.997695,
        0.002305
      ],
      [
        0.006944,
        0.993056
      ]
    ]
  },
  "per_class": {
    "black": {
      "precision": 0.9931153184165232,
      "recall": 0.9976945244956772,
      "f1": 0.9953996549741231,
      "support": 1735
    },
    "white": {
      "precision": 0.9976744186046511,
      "recall": 0.9930555555555556,
      "f1": 0.9953596287703016,
      "support": 1728
    }
  },
  "train_time_s": 0.1397298999982013
}