{
  "arch": "effnet_b0",
  "seed": 46,
  "epochs": 5,
  "metrics@0.5": {
    "accuracy": 0.9925501432664756,
    "f1": 0.9925925925925926,
    "confusion_matrix": [
      [
        861,
        7
      ],
      [
        6,
        871
      ]
    ],
    "classification_report": {
      "black": {
        "precision": 0.9930795847750865,
        "recall": 0.9919354838709677,
        "f1-score": 0.992507204610951,
        "support": 868.0
      },
      "white": {
        "precision": 0.9920273348519362,
        "recall": 0.9931584948688712,
        "f1-score": 0.9925925925925926,
        "support": 877.0
      },
      "accuracy": 0.9925501432664756,
      "macro avg": {
        "precision": 0.9925534598135113,
        "recall": 0.9925469893699195,
        "f1-score": 0.9925498986017718,
        "support": 1745.0
      },
      "weighted avg": {
        "precision": 0.9925507462750276,
        "recall": 0.9925501432664756,
        "f1-score": 0.9925501188000052,
        "support": 1745.0
      }
    }
  },
  "metrics@best_f1": {
    "threshold": 0.44999999999999996,
    "accuracy": 0.9931232091690544,
    "f1": 0.9931662870159453,
    "confusion_matrix": [
      [
        861,
        7
      ],
      [
        5,
        872
      ]
    ],
    "classification_report": {
      "black": {
        "precision": 0.9942263279445728,
        "recall": 0.9919354838709677,
        "f1-score": 0.9930795847750865,
        "support": 868.0
      },
      "white": {
        "precision": 0.9920364050056882,
        "recall": 0.9942987457240593,
        "f1-score": 0.9931662870159453,
        "support": 877.0
      },
      "accuracy": 0.9931232091690544,
      "macro avg": {
        "precision": 0.9931313664751305,
        "recall": 0.9931171147975135,
        "f1-score": 0.9931229358955159,
        "support": 1745.0
      },
      "weighted avg": {
        "precision": 0.9931257191093855,
        "recall": 0.9931232091690544,
        "f1-score": 0.9931231594829565,
        "support": 1745.0
      }
    }
  },
  "latency_batch1_ms": {
    "mean_ms": 77.2573251946369,
    "median_ms": 74.61719997809269,
    "p90_ms": 89.83996003516953,
    "p99_ms": 106.0537900222698,
    "n": 512
  },
  "paths": {
    "model_h5": "C:\\Users\\burza\\ChessVision\\models\\piece_color\\effnet_b0\\model.h5"
  }
}