{
  "feat_set": "BASIC-3",
  "classifier": "SVM",
  "params": {
    "C": 1.0,
    "kernel": "rbf",
    "gamma": "scale",
    "class_weight": "balanced"
  },
  "seed": 43,
  "n_test": 3463,
  "accuracy": 0.9812301472711522,
  "f1": 0.9810771470160117,
  "precision": 0.987111892208553,
  "recall": 0.9751157407407407,
  "latency_ms": {
    "mean": 0.14496907305069714,
    "median": 0.14199999895936344,
    "p95": 0.17559000025357815
  },
  "confusion_matrix": {
    "labels": [
      "black",
      "white"
    ],
    "counts": [
      [
        1713,
        22
      ],
      [
        43,
        1685
      ]
    ],
    "normalized": [
      [
        0.98732,
        0.01268
      ],
      [
        0.024884,
        0.975116
      ]
    ]
  },
  "per_class": {
    "black": {
      "precision": 0.9755125284738041,
      "recall": 0.9873198847262248,
      "f1": 0.9813806932111143,
      "support": 1735
    },
    "white": {
      "precision": 0.987111892208553,
      "recall": 0.9751157407407407,
      "f1": 0.9810771470160117,
      "support": 1728
    }
  },
  "train_time_s": 0.2239185999987967
}