{
  "arch": "effnetv2_b0",
  "seed": 45,
  "epochs": 5,
  "metrics@0.5": {
    "accuracy": 0.9873925501432664,
    "f1": 0.9874141876430206,
    "confusion_matrix": [
      [
        860,
        8
      ],
      [
        14,
        863
      ]
    ],
    "classification_report": {
      "black": {
        "precision": 0.9839816933638444,
        "recall": 0.9907834101382489,
        "f1-score": 0.9873708381171068,
        "support": 868.0
      },
      "white": {
        "precision": 0.9908151549942594,
        "recall": 0.984036488027366,
        "f1-score": 0.9874141876430206,
        "support": 877.0
      },
      "accuracy": 0.9873925501432664,
      "macro avg": {
        "precision": 0.9873984241790519,
        "recall": 0.9874099490828074,
        "f1-score": 0.9873925128800637,
        "support": 1745.0
      },
      "weighted avg": {
        "precision": 0.9874160462864082,
        "recall": 0.9873925501432664,
        "f1-score": 0.9873926246696721,
        "support": 1745.0
      }
    }
  },
  "metrics@best_f1": {
    "threshold": 0.3,
    "accuracy": 0.9885386819484241,
    "f1": 0.9886104783599089,
    "confusion_matrix": [
      [
        857,
        11
      ],
      [
        9,
        868
      ]
    ],
    "classification_report": {
      "black": {
        "precision": 0.9896073903002309,
        "recall": 0.9873271889400922,
        "f1-score": 0.9884659746251442,
        "support": 868.0
      },
      "white": {
        "precision": 0.987485779294653,
        "recall": 0.9897377423033067,
        "f1-score": 0.9886104783599089,
        "support": 877.0
      },
      "accuracy": 0.9885386819484241,
      "macro avg": {
        "precision": 0.988546584797442,
        "recall": 0.9885324656216994,
        "f1-score": 0.9885382264925265,
        "support": 1745.0
      },
      "weighted avg": {
        "precision": 0.9885411135942758,
        "recall": 0.9885386819484241,
        "f1-score": 0.9885385991382609,
        "support": 1745.0
      }
    }
  },
  "latency_batch1_ms": {
    "mean_ms": 79.48665879132477,
    "median_ms": 77.50484999269247,
    "p90_ms": 89.63018000940792,
    "p99_ms": 104.51450699649286,
    "n": 512
  },
  "paths": {
    "model_h5": "C:\\Users\\burza\\ChessVision\\models\\piece_color\\effnetv2_b0\\model.h5"
  }
}