{
  "arch": "effnetv2_b0",
  "seed": 44,
  "epochs": 5,
  "metrics@0.5": {
    "accuracy": 0.9856733524355301,
    "f1": 0.9857224443175329,
    "confusion_matrix": [
      [
        857,
        11
      ],
      [
        14,
        863
      ]
    ],
    "classification_report": {
      "black": {
        "precision": 0.983926521239954,
        "recall": 0.9873271889400922,
        "f1-score": 0.9856239217941346,
        "support": 868.0
      },
      "white": {
        "precision": 0.9874141876430206,
        "recall": 0.984036488027366,
        "f1-score": 0.9857224443175329,
        "support": 877.0
      },
      "accuracy": 0.9856733524355301,
      "macro avg": {
        "precision": 0.9856703544414873,
        "recall": 0.9856818384837291,
        "f1-score": 0.9856731830558337,
        "support": 1745.0
      },
      "weighted avg": {
        "precision": 0.9856793484236156,
        "recall": 0.9856733524355301,
        "f1-score": 0.9856734371253782,
        "support": 1745.0
      }
    }
  },
  "metrics@best_f1": {
    "threshold": 0.2,
    "accuracy": 0.9891117478510029,
    "f1": 0.989247311827957,
    "confusion_matrix": [
      [
        852,
        16
      ],
      [
        3,
        874
      ]
    ],
    "classification_report": {
      "black": {
        "precision": 0.9964912280701754,
        "recall": 0.9815668202764977,
        "f1-score": 0.9889727219965178,
        "support": 868.0
      },
      "white": {
        "precision": 0.9820224719101124,
        "recall": 0.9965792474344356,
        "f1-score": 0.989247311827957,
        "support": 877.0
      },
      "accuracy": 0.9891117478510029,
      "macro avg": {
        "precision": 0.989256849990144,
        "recall": 0.9890730338554666,
        "f1-score": 0.9891100169122373,
        "support": 1745.0
      },
      "weighted avg": {
        "precision": 0.9892195380115076,
        "recall": 0.9891117478510029,
        "f1-score": 0.9891107250235505,
        "support": 1745.0
      }
    }
  },
  "latency_batch1_ms": {
    "mean_ms": 85.33536230459049,
    "median_ms": 81.19389999774285,
    "p90_ms": 99.9415800266434,
    "p99_ms": 123.06014099274762,
    "n": 512
  },
  "paths": {
    "model_h5": "C:\\Users\\burza\\ChessVision\\models\\piece_color\\effnetv2_b0\\model.h5"
  }
}